Date,Wake Time,Sleep Score,Resting HR,HRV,Morning Energy (1-10),Morning Light? (Y/N),Strength/Zone2/Rest,Protein-First Meals (0-3),Post-Meal Walk? (Y/N),Alcohol (units),Breathwork? (Y/N),Deep-Work Block? (Y/N),Notes
2026-07-14,06:00,84,54,62,7,Y,Strength,3,Y,0,Y,Y,Slept well; sharp AM
,,,,,,,,,,,,,
,,,,,,,,,,,,,
,,,,,,,,,,,,,
,,,,,,,,,,,,,
,,,,,,,,,,,,,
,,,,,,,,,,,,,
WEEK AVG,,,,,,,,,,,,,
NOTE,"Track trends over weeks, not single days. Review every 30 days. Educational only - not medical advice.",,,,,,,,,,,,
